Link,  Points,Images,First Image Point
https://www.boredpanda.com/funny-shopping-items-nordstrom,431,42,363
https://www.boredpanda.com/millennials-most-middle-aged-thing-caught-saying,438,30,397
https://www.boredpanda.com/reasons-english-language-frustrating,342,82,504
https://www.boredpanda.com/worst-child-names,323,42,432
https://www.boredpanda.com/ups-delivery-driver-meets-dogs,282,82,252
https://www.boredpanda.com/people-being-oblivious-about-lgbtq-community,254,55,428
https://www.boredpanda.com/flirting-techniques-that-worked-reddit,162,48,284
https://www.boredpanda.com/next-big-thing-flopped-askreddit,186,44,243
https://www.boredpanda.com/people-share-worst-marriage-advice,159,108,220
https://www.boredpanda.com/trade-offer-meme-list,157,40,244
https://www.boredpanda.com/living-cat-dog-relatable-comics-toki-moe,160,37,158
https://www.boredpanda.com/mildly-interesting-photos,524,165,897
https://www.boredpanda.com/overrated-travel-destinations,257,46,298
https://www.boredpanda.com/euphemisms-telling-people-they-are-stupid-reddit,298,49,430
https://www.boredpanda.com/hiring-managers-whats-wrong-with-this-person-moments,249,38,259
https://www.boredpanda.com/history-memes-explained,187,79,217
https://www.boredpanda.com/backyard-bird-photography-feeder-camera-ostdrossel,228,116,97
https://www.boredpanda.com/people-fed-up-with-job-application-recruiting-hell,174,81,303
https://www.boredpanda.com/hey-pandas-drop-something-nostalgic-from-the-2010s,68,72,92
https://www.boredpanda.com/hey-pandas-what-is-something-you-hate-but-is-really-popular-with-most-people,61,262,182
https://www.boredpanda.com/had-one-job-fails,448,58,524
https://www.boredpanda.com/huge-cats-pics,282,47,199
https://www.boredpanda.com/other-countries-things-confuse-foreigners,271,39,327
https://www.boredpanda.com/dumbest-person,206,79,305
https://www.boredpanda.com/servers-flight-attendants-celebrities-stories-tiktok,191,30,241
https://www.boredpanda.com/animal-bites-being-bitten-review-ranking-twitter,206,20,162
https://www.boredpanda.com/false-animal-facts-people-believe,251,24,168
https://www.boredpanda.com/usa-vs-italy-culture-shocks,165,26,116
https://www.boredpanda.com/explain-movie-badly-jimmy-fallon,127,82,188
https://www.boredpanda.com/creative-inanimate-object-illustrations-naolito-nacho-diaz-arjona-part-3,167,72,120
https://www.boredpanda.com/sarcastic-comics-illustrations-part-6-anton-gudim,124,80,127
https://www.boredpanda.com/relatable-girl-webcomics-promptlypaneled-xantippe,99,79,130
https://www.boredpanda.com/humorous-comics-ancient-egypt-thedailytut,88,136,86
https://www.boredpanda.com/social-mental-issues-illustrations-sonostatachiara,54,83,107
https://www.boredpanda.com/heartwarming-couple-posts,384,146,715
https://www.boredpanda.com/customers-stories-from-hell,317,65,765
https://www.boredpanda.com/well-known-tourist-scams,230,23,152
https://www.boredpanda.com/movie-endings-people-dont-like,162,53,204
https://www.boredpanda.com/best-things-found-in-garbage,152,45,332
https://www.boredpanda.com/wedding-traditions-would-not-partake-in,106,40,210
https://www.boredpanda.com/happy-dog-comic-my-two-rescue-dogs-dogs-love-bacon-angie-chan,144,19,81
https://www.boredpanda.com/slimy-oddity-comics-cherie-tim,113,55,105
https://www.boredpanda.com/parenting-jack-black-themed-maternity-photoshoot-heyitsrenny-renny-grinshpan,75,11,58
https://www.boredpanda.com/paintings-recreation-tussenkunstenquarantaine,83,151,77
https://www.boredpanda.com/uplifting-positive-wholesome-pictures,521,136,1506
https://www.boredpanda.com/cats-store-bodega,292,141,288
https://www.boredpanda.com/wildlife-photography-animals-best-photos-goran-anastasovski,202,40,112
https://www.boredpanda.com/google-earth-satellite-view-how-earth-changed,199,16,63
https://www.boredpanda.com/anesthesiologist-creates-historical-costumes-sewstine,181,45,94
https://www.boredpanda.com/insecure-men-masculinity-signs,133,29,159
https://www.boredpanda.com/dogs-with-mullets,59,43,62
https://www.boredpanda.com/funny-texas-restaurant-signs-el-arroyo,561,79,568
https://www.boredpanda.com/fake-life-hacks-that-actually-work,416,91,754
https://www.boredpanda.com/today-i-learned-til-amazing-facts,359,64,534
https://www.boredpanda.com/craziest-reason-fire-someone,206,48,415
https://www.boredpanda.com/hilarious-science-diagrams,217,96,271
https://www.boredpanda.com/real-life-photos-look-like-movie-sets-videogames,257,110,280
https://www.boredpanda.com/most-awkward-dates-stories,221,82,402
https://www.boredpanda.com/comics-victorian-era-part-3-veinity-fair,166,20,147
https://www.boredpanda.com/funny-science-paper-titles,177,48,177
https://www.boredpanda.com/adult-themed-comics-funny-inappropriate-the-reddot-part-4,175,72,151
https://www.boredpanda.com/non-americans-share-dumbest-things-americans-said,154,67,263
https://www.boredpanda.com/comics-ocean-pollution-underdone-comics-rob-lang,88,34,55
https://www.boredpanda.com/home-improvement-disasters,420,73,367
https://www.boredpanda.com/americans-share-european-culture-shocks,280,87,506
https://www.boredpanda.com/funny-clever-comebacks,279,95,645
https://www.boredpanda.com/wholesome-toxic-things,205,53,530
https://www.boredpanda.com/ideas-creative-street-art-oakoak,224,80,166
https://www.boredpanda.com/camping-tips-comprehensive-list,188,24,141
https://www.boredpanda.com/first-tweet-about-covid,77,46,147
https://www.boredpanda.com/funny-life-hacks-stupid,441,108,773
https://www.boredpanda.com/funny-single-people-memes,259,139,623
https://www.boredpanda.com/ridiculous-reason-black-people-stopped-by-police,188,68,304
https://www.boredpanda.com/teachers-gained-automatic-respect-reddit,157,40,349
https://www.boredpanda.com/weird-unexpected-questions-during-job-interview,152,92,205
https://www.boredpanda.com/avian-photography-bird-photographer-of-the-year-finalists-2021-birdpoty,121,31,95
https://www.boredpanda.com/people-uglyduckling-pics,90,48,244
https://www.boredpanda.com/hey-pandas-what-is-the-cutest-thing-on-your-camera-roll,83,206,102
https://www.boredpanda.com/hey-pandas-what-is-one-thing-you-believed-as-a-kid-that-turned-out-to-be-completely-and-totally-false,60,109,75
https://www.boredpanda.com/animals-with-threatening-auras-pics,278,129,292
https://www.boredpanda.com/goofy-gods-comics-2021,308,31,337
https://www.boredpanda.com/animal-friends-comedy-photo-awards-funny-pet-memes-quarantine,190,17,167
https://www.boredpanda.com/on-screen-families-relatives-in-real-life,162,22,139
https://www.boredpanda.com/collection-comics-about-pets-national-pets-day-chris-hallbeck,151,17,108
https://www.boredpanda.com/donating-hair-transformation,162,143,109
https://www.boredpanda.com/comics-drawn-single-woman-during-the-global-pandemic-zena,131,29,122
https://www.boredpanda.com/passed-away-celebrities-look-now-hidreley,85,21,100
https://www.boredpanda.com/women-settling-for-partner-not-the-one-stories,88,35,159
https://www.boredpanda.com/being-vaccinated-does-not-mean-twitter-trend,83,50,139
https://www.boredpanda.com/classic-uk-british-moments,387,96,540
https://www.boredpanda.com/irritating-mother-in-laws,273,29,468
https://www.boredpanda.com/dumbest-things-people-said,237,59,257
https://www.boredpanda.com/funny-tweets-autocorrect,232,99,351
https://www.boredpanda.com/interesting-generations-difference-millennials-gen-z,189,30,263
https://www.boredpanda.com/prolific-pen-comics-yanni-davros,230,55,326
https://www.boredpanda.com/movie-stars-fans-sayings-on-the-street,114,20,101
https://www.boredpanda.com/life-with-autism-comics-aspigurl,177,100,185
https://www.boredpanda.com/dark-humor-comics-nate-inc-part-3-nate-walker,138,58,232
https://www.boredpanda.com/little-details-in-disney-movies,418,87,394
https://www.boredpanda.com/yahoo-answers-shutting-down,519,105,681
https://www.boredpanda.com/past-lives-kids-creepy-stories,317,37,427
https://www.boredpanda.com/men-share-female-heroes-askreddit,202,34,388
https://www.boredpanda.com/dark-edgy-humor-comics-cyanide-happiness-explosm-net,316,92,307
https://www.boredpanda.com/women-sharing-their-wins-achievements,255,58,474
https://www.boredpanda.com/harmful-things-being-taught-to-children,181,50,348
https://www.boredpanda.com/funny-restaurant-reviews-owner-responses-takeawaytrauma,206,69,352
https://www.boredpanda.com/graphic-design-teacher-roasts-students-works,126,20,88
https://www.boredpanda.com/cute-adorable-pets-admiring-people,440,67,547
https://www.boredpanda.com/people-share-actors-who-understood-the-assignment,302,104,618
https://www.boredpanda.com/kid-sayings-live-from-snack-time,329,128,419
https://www.boredpanda.com/best-therapist-advice-twitter-answers,234,40,257
https://www.boredpanda.com/embarrassingly-inaccurate-things-americans-posted-on-internet,298,82,661
https://www.boredpanda.com/people-dealing-with-scam-callers,266,76,347
https://www.boredpanda.com/mixed-race-people-racism-from-family,171,82,217
https://www.boredpanda.com/genius-creative-hotel-ideas,487,122,812
https://www.boredpanda.com/brendan-fraser-trending-twitter-people-love,346,39,392
https://www.boredpanda.com/hilarious-introvert-memes,331,115,420
https://www.boredpanda.com/restaurant-red-flags,243,46,253
https://www.boredpanda.com/terrible-work-stories,194,52,256
https://www.boredpanda.com/brutally-honest-brand-slogans,236,70,242
https://www.boredpanda.com/stylish-grandpa-dresses-as-celebrity,215,11,83
https://www.boredpanda.com/new-york-subway-street-photography-mrnycsubway,181,83,134
https://www.boredpanda.com/stupid-four-panel-comics-dark-humor-part-3-remi-lascault,146,28,237
https://www.boredpanda.com/before-after-pretty-girls-transforming-into-ugly,143,79,124
https://www.boredpanda.com/a-visual-learner-guide-matt-shirley,136,116,169
https://www.boredpanda.com/trump-mocked-boycott-coke-zero-desk-memes,97,38,162
https://www.boredpanda.com/funny-comics-bizarre-random-alex-gamsu-jenkins,85,94,104
https://www.boredpanda.com/hey-pandas-show-a-picture-of-something-that-gives-you-nostalgia,98,97,83
https://www.boredpanda.com/hey-what-was-the-dumbest-way-you-got-injured,55,212,37
https://www.boredpanda.com/clackamas-united-church-of-christ-clever-signs,421,55,433
https://www.boredpanda.com/weirdest-thing-boyfriend-bathroom-toilet-twitter,216,49,303
https://www.boredpanda.com/useless-terrible-group-project-members,258,40,482
https://www.boredpanda.com/nicest-celebrity-ever-met-twitter-thread,194,49,451
https://www.boredpanda.com/worst-pregnancy-advice-reddit,154,40,307
https://www.boredpanda.com/funny-idan-schneider-c-section-comics,149,47,227
https://www.boredpanda.com/parental-leave-experience,89,49,157
https://www.boredpanda.com/funny-stupid-lyrics-cards,96,111,136
https://www.boredpanda.com/people-against-cancelling-student-loan-debt,79,67,259
https://www.boredpanda.com/interesting-facts-about-iceland,528,25,410
https://www.boredpanda.com/people-share-pyramid-schemes-multi-level-marketing-scams-antimlm,239,76,397
https://www.boredpanda.com/teachers-never-forgot-things-students-said-reddit,183,35,539
https://www.boredpanda.com/funny-animal-pics-cute-illustrations-kapebeansies,232,41,125
https://www.boredpanda.com/poster-plot-movies-memes,136,32,223
https://www.boredpanda.com/men-received-best-compliments-from-woman,218,85,348
https://www.boredpanda.com/logos-brands-unexpected-places-designcrowd,191,103,301
https://www.boredpanda.com/repainted-thrift-store-paintings,195,121,214
https://www.boredpanda.com/animal-comics-adventures-alligator-best-buddies-part-7-buddygatorcomics,277,22,167
https://www.boredpanda.com/dogs-in-photo-booth-lynn-terry,179,36,141
https://www.boredpanda.com/picky-eater-parenting-tweets,144,58,153
https://www.boredpanda.com/women-share-messed-up-society-norms,127,107,235
https://www.boredpanda.com/important-animal-images-funny-pics,816,117,927
https://www.boredpanda.com/today-i-learned-fact-knowledge,449,100,640
https://www.boredpanda.com/tell-me-quarantine-one-year-telling,267,48,299
https://www.boredpanda.com/horror-movie-characters-actors-fxattics-studios,288,18,282
https://www.boredpanda.com/funny-petty-things-mad-significant-others,330,57,469
https://www.boredpanda.com/cartoonist-yoyoha-comics-josh-hara,246,42,260
https://www.boredpanda.com/cinematic-art-character-concepts-michael-kutsche,215,70,141
https://www.boredpanda.com/conspiracy-theories-people-actually-believe,156,42,244
https://www.boredpanda.com/surreal-animal-photography-katerina-plotnikova,174,52,123
https://www.boredpanda.com/fake-amazon-employee-account-funny-response,143,26,136
https://www.boredpanda.com/stuff-that-should-not-exist-twitter,433,51,578
https://www.boredpanda.com/places-where-cats-shouldnt-be,476,43,481
https://www.boredpanda.com/weight-loss-before-after-success-stories,254,120,282
https://www.boredpanda.com/from-kitten-to-cat,224,89,189
https://www.boredpanda.com/wholesome-relatable-comics-admiralwonderboat,158,89,143
https://www.boredpanda.com/inanimate-objects-comics-thedailydunc,176,70,117
https://www.boredpanda.com/couple-relationship-comics-catanacomics,164,99,135
https://www.boredpanda.com/owners-share-stupidest-things-their-pets-do,214,97,355
https://www.boredpanda.com/trying-times-comics,150,60,200
https://www.boredpanda.com/crime-criminal-pets-crimescene,352,19,406
https://www.boredpanda.com/biggest-cooking-mistakes,191,36,272
https://www.boredpanda.com/adopted-rescued-pets-march,333,131,435
https://www.boredpanda.com/wholesome-heartwarming-memes,355,92,662
https://www.boredpanda.com/small-role-big-impact-tv-movie-twitter,197,36,248
https://www.boredpanda.com/unique-food-art-aprils-fools-miss-wondersmith,202,40,139
https://www.boredpanda.com/digital-art-photoshop-famous-cartoon-characters-anatomical-skeletons-luisrogeriop,198,11,98
https://www.boredpanda.com/parenting-tweets-of-the-month-march,208,151,388
https://www.boredpanda.com/men-insecurities-women-dont-care-about,137,23,193
https://www.boredpanda.com/joyful-dog-portraits-expressions-alexanderkhokhlovcom,126,41,56
https://www.boredpanda.com/hey-pandas-tell-us-what-lies-has-tv-taught-you,59,129,122
https://www.boredpanda.com/hey-pandas-post-the-funniest-pic-of-your-pet,89,146,37
https://www.boredpanda.com/my-home-not-my-cat-pics,389,49,514
https://www.boredpanda.com/life-advice-twitter,298,45,445
https://www.boredpanda.com/italians-mad-at-food-twitter,238,45,291
https://www.boredpanda.com/sensible-childhood-beliefs,224,50,318
https://www.boredpanda.com/terrible-book-covers,206,142,212
https://www.boredpanda.com/dark-twisted-humor-comics-perry-bible-fellowship-nicholas-gurewitch-part-3,213,74,305
https://www.boredpanda.com/celebrities-who-loves-dogs-pics,196,106,241
https://www.boredpanda.com/rich-kid-syndrome-stories,162,80,305
https://www.boredpanda.com/louvre-art-gallery-online,157,64,31
https://www.boredpanda.com/bridesmaids-bridezilla-stories,169,43,292
https://www.boredpanda.com/interesting-cool-guides,548,72,658
https://www.boredpanda.com/normalized-scam-people-dont-notice,191,75,346
https://www.boredpanda.com/children-reactions-to-learning-about-sex,289,21,396
https://www.boredpanda.com/dark-family-secrets-reddit,201,45,505
https://www.boredpanda.com/bizarre-funny-translated-movie-titles,214,53,196
https://www.boredpanda.com/trends-not-cool-in-five-years,116,46,391
https://www.boredpanda.com/something-i-made,590,99,875
https://www.boredpanda.com/instagram-vs-reality-photos,417,92,373
https://www.boredpanda.com/funny-stair-design-fails,312,137,295
https://www.boredpanda.com/suez-canal-egypt-stuck-cargo-ship-memes,319,42,341
https://www.boredpanda.com/google-street-view-pics-jon-rafman,394,152,504
https://www.boredpanda.com/history-facts-sound-dumb-but-real,225,96,348
https://www.boredpanda.com/my-weird-superstition-funny-tweets-jimmy-fallon,246,60,383
https://www.boredpanda.com/lithuanian-expressions-literal-translation,173,26,203
https://www.boredpanda.com/amazing-architecture-buildings-pics,585,112,765
https://www.boredpanda.com/film-scenes-composition-lines-raymond-thi,74,118,62
https://www.boredpanda.com/interesting-chart-map-data,284,150,517
https://www.boredpanda.com/church-leaders-pastors-expensive-shoes-clothes-preachersnsneakers,240,56,135
https://www.boredpanda.com/dogs-growing-up-twitter-thread-wilkray,227,91,142
https://www.boredpanda.com/daredevil-kids-wildest-stunts,185,51,228
https://www.boredpanda.com/people-share-stupidest-injury,242,110,344
https://www.boredpanda.com/body-art-tattoos-clash-of-styles-popular-characters-mat-rule,173,78,106
https://www.boredpanda.com/universally-agreed-evil-defense-conservative-logic-twitter,143,52,177
https://www.boredpanda.com/people-look-like-giants-optical-illusion,131,40,168
https://www.boredpanda.com/horrible-coworkers,113,72,190
https://www.boredpanda.com/greatest-movies-behind-the-scenes-facts,245,90,375
https://www.boredpanda.com/recreating-wedding-photos-50-year-anniversary,245,12,66
https://www.boredpanda.com/artist-illustrations-beautiful-moments-romance-family-intimate-slice-of-life-pascal-campion-part-2,172,97,105
https://www.boredpanda.com/tokyo-international-foto-awards-nature-winners-tokyofotoawards,222,89,148
https://www.boredpanda.com/american-dream-myth-busted-tweets-jokes,154,35,311
https://www.boredpanda.com/healthcare-arguments-usa,125,50,328
https://www.boredpanda.com/tell-tale-signs-insecure-masculinity,100,45,172
https://www.boredpanda.com/pop-culture-characters-reimagined-hossein-diba,90,31,77
https://www.boredpanda.com/clothes-my-boyfriend-hates-olivia-jackson,68,31,131
https://www.boredpanda.com/hey-pandas-what-something-you-do-that-is-considered-weird-by-society,55,102,106
https://www.boredpanda.com/hey-pandas-post-funny-or-interesting-street-photos-that-you-took,74,67,99
https://www.boredpanda.com/unexpected-wholesome-internet-strangers,522,92,1066
https://www.boredpanda.com/people-share-clueless-adulting-moments,244,79,536
https://www.boredpanda.com/creepy-kids-stories-tweets,309,77,428
https://www.boredpanda.com/worst-baby-names,207,51,368
https://www.boredpanda.com/kylie-jenner-backlash-donate-makeup-artist-gofundme,183,39,317
https://www.boredpanda.com/photography-people-with-animals-anastasiya-dobrovolskaya,249,99,214
https://www.boredpanda.com/fake-funny-movie-details,159,61,221
https://www.boredpanda.com/useful-women-inventions-not-everyone-knows,362,25,280
https://www.boredpanda.com/weird-interesting-facts,516,122,1130
https://www.boredpanda.com/cat-vs-dog-people-tweets,315,58,511
https://www.boredpanda.com/people-40s-memes,237,52,274
https://www.boredpanda.com/stupid-cat-drawings-new-dailypurrr,239,110,113
https://www.boredpanda.com/chalk-cute-street-art-david-zinn,214,100,136
https://www.boredpanda.com/things-men-do-scared-women,143,42,297
https://www.boredpanda.com/before-after-people-smile-photography-jay-weinstein,209,10,168
https://www.boredpanda.com/finance-money-advice-tiktok,101,22,91
https://www.boredpanda.com/the-rock-dwayne-johnson-cheat-meals,113,41,40
https://www.boredpanda.com/mildly-interesting-nature,660,136,1029
https://www.boredpanda.com/retro-people-future-imagination,530,49,668
https://www.boredpanda.com/quit-your-crap-people-called-out,420,56,784
https://www.boredpanda.com/funny-movie-names-changing-one-letter,286,151,317
https://www.boredpanda.com/world-nature-photography-awards-winners-2020,218,37,143
https://www.boredpanda.com/before-after-trasformation-stories-the-addicts-diary,307,68,335
https://www.boredpanda.com/hashtag-time-jimmy-fallon-party-fail-twitter,245,49,376
https://www.boredpanda.com/green-flags-dating-serious-relationship-reddit,159,30,295
https://www.boredpanda.com/weirdest-things-the-us-dont-realize-reddit,152,34,249
https://www.boredpanda.com/movie-trope-cliche-people-hate,135,97,281
https://www.boredpanda.com/digital-art-face-mask-inspired-classical-paintings-volker-hermes,123,97,74
https://www.boredpanda.com/pointlessly-gendered-things,467,114,1037
https://www.boredpanda.com/people-share-interesting-facts-today-i-learned,310,108,456
https://www.boredpanda.com/funny-weird-zara-clothes-model-poses-photo,217,111,134
https://www.boredpanda.com/actors-recast-mid-production,243,18,172
https://www.boredpanda.com/strange-humorous-comics-society-issues-studio-stoutpoep,289,42,351
https://www.boredpanda.com/viking-tattoo-designs,200,161,106
https://www.boredpanda.com/expensive-way-be-poor,138,58,127
https://www.boredpanda.com/bookface-challenge,159,107,109
https://www.boredpanda.com/digital-character-mashups-common-qualities-sandevil-sandh,134,16,133
https://www.boredpanda.com/funny-slice-of-life-average-girl-webcomic,160,50,169
https://www.boredpanda.com/people-share-unwritten-rules-in-life,289,50,599
https://www.boredpanda.com/management-being-jerks,285,77,486
https://www.boredpanda.com/lies-parents-tell-kids-tweets,299,48,421
https://www.boredpanda.com/interesting-details-about-titanic-movie,273,25,198
https://www.boredpanda.com/fast-food-restaurant-signs,284,45,353
https://www.boredpanda.com/movie-props-everyday-household-items,295,100,218
https://www.boredpanda.com/ai-generates-inspirational-quotes-funny-inspirobot,238,89,293
https://www.boredpanda.com/mobile-photography-awards-10th-anniversary-winners-announced-mpa,129,30,60
https://www.boredpanda.com/terrible-university-professors,160,55,232
https://www.boredpanda.com/famous-paintings-reimagined-technology-social-media-crudeoil20,67,48,54
https://www.boredpanda.com/show-a-picture-of-your-oldest-toy-when-you-were-younger,83,49,70
https://www.boredpanda.com/hey-pandas-can-you-tell-me-some-good-news,59,97,72
https://www.boredpanda.com/funny-hard-to-read-signs,404,70,547
https://www.boredpanda.com/my-family-is-weird-jimmy-fallon,271,61,427
https://www.boredpanda.com/street-smart-tips,198,28,293
https://www.boredpanda.com/hard-to-swallow-pills-relationship-truths,162,75,167
https://www.boredpanda.com/ridiculous-health-safety-myths-illustrated-vibrantdoors,145,8,92
https://www.boredpanda.com/fashion-nature-similarities-fashion-biologique,164,100,107
https://www.boredpanda.com/artists-architects-archist-federico-babina,110,57,34
https://www.boredpanda.com/funny-relatable-cartoons-covid-life-before-after-irina-blok-part-6,123,22,78
https://www.boredpanda.com/funny-comics-everyday-life-relationships-girl-problems-sasha-tsoy-sashotso-art,113,117,160
https://www.boredpanda.com/funny-parenting-kids,393,168,525
https://www.boredpanda.com/one-year-coronavirus-anniversary-jokes,246,63,330
https://www.boredpanda.com/golden-retriever-human-baby-sister-siblings-photography-marshall-the-goldenr,266,39,138
https://www.boredpanda.com/annoying-buyers-choosing-beggars,233,65,479
https://www.boredpanda.com/made-up-creatures-attending-zoom-meetings-joannesarginson,195,10,146
https://www.boredpanda.com/employees-share-i-dont-get-paid-enough-for-this-moments,152,108,294
https://www.boredpanda.com/doctors-ignorance-serious-consequences-tiktok,137,19,231
https://www.boredpanda.com/funny-comics-moe-very-cereals,174,83,246
https://www.boredpanda.com/photography-best-wedding-photos-contest-fdb-awards-fotografos-de-boda-marvin-b-part-2,89,60,56
https://www.boredpanda.com/funny-people-response-1400-dollars-stimulus-check,117,44,174
https://www.boredpanda.com/biggest-historic-screw-ups,262,46,610
https://www.boredpanda.com/fukushima-nuclear-disaster-10-years-photoghraphy-exploration-obsidianurbexphotography,220,18,61
https://www.boredpanda.com/explain-a-film-plot-badly-funny-descriptions,269,98,293
https://www.boredpanda.com/photography-contest-street-photography-winners-the-independent-photographer,236,10,132
https://www.boredpanda.com/architecture-drawings-everyday-objects-transformed-into-buildings-felipe-de-castro,226,54,150
https://www.boredpanda.com/hilarious-animal-reviews,193,26,217
https://www.boredpanda.com/free-the-silver-gray-hair-challenge,186,39,107
https://www.boredpanda.com/funny-dark-comics-unexpected-endings-raphcomic,207,73,190
https://www.boredpanda.com/celebrity-lookalikes-agency-uk,131,33,147
https://www.boredpanda.com/cats-say-no-cuddles,338,80,344
https://www.boredpanda.com/people-being-cringey,280,75,810
https://www.boredpanda.com/before-after-hair-color-change,290,28,326
https://www.boredpanda.com/women-share-creepy-men-boss-insults-workplace,176,107,349
https://www.boredpanda.com/best-movie-tv-castings-tweets,193,73,286
https://www.boredpanda.com/toxic-things-job-listings,148,62,174
https://www.boredpanda.com/relationship-comics-boyfriend-cats-sarah-graley-part-3,182,151,131
https://www.boredpanda.com/photography-everyday-objects-brought-to-life-with-smartphone-new-pics-yahav-draizin,166,55,128
https://www.boredpanda.com/w-magazine-terrible-celebrity-photos,105,20,70
https://www.boredpanda.com/funny-old-looking-babies,338,165,505
https://www.boredpanda.com/capitalism-jokes-tweets,284,76,652
https://www.boredpanda.com/celebrities-with-their-cats,316,43,337
https://www.boredpanda.com/colorized-old-photos-cassowary-colorizations,205,30,226
https://www.boredpanda.com/old-new-brand-mascots,246,22,156
https://www.boredpanda.com/baristas-hilarious-cursed-drink-orders,161,27,200
https://www.boredpanda.com/teachers-worst-student-stories,157,106,292
https://www.boredpanda.com/hyperrealistic-oil-paintings-part-2-kei-mieno,224,25,102
https://www.boredpanda.com/digital-art-drawing-disney-characters-humanimals-alex-pick-apicollodraws-part-2,174,22,114
https://www.boredpanda.com/taking-advantage-of-being-twins-reddit,130,40,330
https://www.boredpanda.com/accidental-camouflage-pics,563,53,569
https://www.boredpanda.com/pets-destroying-things,314,177,418
https://www.boredpanda.com/horrifying-worst-guests-stories,185,43,593
https://www.boredpanda.com/real-life-plot-twist-jimmy-fallon,290,54,375
https://www.boredpanda.com/dumb-reasons-against-minimum-wage-increase,186,28,334
https://www.boredpanda.com/faked-niceties-stories-service-industry-reddit-tumblr,122,25,186
https://www.boredpanda.com/comics-wholesome-adorable-positive-loffy-llama-chris-yang,180,62,136
https://www.boredpanda.com/cats-look-like-babushkas-babushkats,167,60,139
https://www.boredpanda.com/mums-wedding-day-sweet-mastersofweddingphotography,133,15,77
https://www.boredpanda.com/meghan-harry-oprah-interview-reactions,141,60,370
https://www.boredpanda.com/crappy-funny-wildlife-photography,389,169,455
https://www.boredpanda.com/weird-american-things-just-in-america,203,50,381
https://www.boredpanda.com/child-actors-grown-up-now,199,27,162
https://www.boredpanda.com/accurate-details-pixar-movies,287,24,233
https://www.boredpanda.com/we-rate-dogs-twitter,265,178,367
https://www.boredpanda.com/macro-photography-household-items-csaba-horvath,177,34,124
https://www.boredpanda.com/friends-of-influencers-share-secrets,87,36,148
https://www.boredpanda.com/roman-emperors-recreations-haroun-binous-artist,141,65,55
https://www.boredpanda.com/one-persons-trash-anothers-treasure-stooping-new-york,567,98,561
https://www.boredpanda.com/funny-dogs-extra-skin-stretchy-faces,230,164,194
https://www.boredpanda.com/old-photos-famous-people-celebrities,326,25,274
https://www.boredpanda.com/people-share-unpopular-opinion,272,95,222
https://www.boredpanda.com/men-creepy-moments-towards-women,219,29,342
https://www.boredpanda.com/funny-animals-photo-sculptures-meetissai,355,67,219
https://www.boredpanda.com/parents-share-things-kids-refuse-to-forget,242,81,302
https://www.boredpanda.com/every-day-live-illustration-comics-charts-liz-fosslien,212,96,166
https://www.boredpanda.com/spongebob-characters-reimagined-humans-ryan-altounji,161,10,96
https://www.boredpanda.com/funny-bad-social-media-posts,428,136,708
https://www.boredpanda.com/funny-tech-support,273,100,251
https://www.boredpanda.com/funny-overheard-conversations-overheardla,335,95,390
https://www.boredpanda.com/today-i-learned-til-interesting-facts,251,100,328
https://www.boredpanda.com/parents-share-childfree-people-wrong-sayings,146,46,224
https://www.boredpanda.com/litterbox-comics-modern-parenting-feline-twist-part-6-francesca-hause,219,54,162
https://www.boredpanda.com/funny-comics-superheroes-monsters-sundae-comics-nathan-olsen,149,27,132
https://www.boredpanda.com/twitter-thread-aroused-guys-horror-movie-trope,135,27,126
https://www.boredpanda.com/landlords-being-terrible-jerks,258,113,497
https://www.boredpanda.com/funny-90s-memes,311,56,431
https://www.boredpanda.com/fashion-cosplay-magic-fairytales-russian-grandma-marina-badianova,279,86,139
https://www.boredpanda.com/employees-complain-worst-bosses-sayings,223,37,432
https://www.boredpanda.com/same-weight-different-size-transformations,167,80,103
https://www.boredpanda.com/tips-to-look-better-photos-bonnie-rodriguez-krzywicki,169,38,78
https://www.boredpanda.com/had-to-be-there-twitter-trend,151,75,230
https://www.boredpanda.com/fast-food-you-should-never-order,105,35,134
https://www.boredpanda.com/illustration-100-days-of-happiness-simon-ip-part-2,119,50,66
https://www.boredpanda.com/nature-reclaiming-civilization,486,118,558
https://www.boredpanda.com/cringey-girls-messages,336,63,644
https://www.boredpanda.com/people-tired-of-zoom-video-calls-working-from-home-tweets,276,76,509
https://www.boredpanda.com/celebrity-childhood-photos-celebrities-when-they-were-young-kids-hidreley,227,27,148
https://www.boredpanda.com/wholesome-stranger-never-forget-stories-askreddit-question,217,37,352
https://www.boredpanda.com/celebrities-life-changing-philanthropy,203,16,363
https://www.boredpanda.com/funny-silly-comics-nowakdraws,253,98,217
https://www.boredpanda.com/toxic-masculinity-experience-as-man,152,75,293
https://www.boredpanda.com/find-love-over-thirty-tweets,152,45,134
https://www.boredpanda.com/summers-off-teacher-comics-covid-19-mojo-rose,143,43,118
https://www.boredpanda.com/illustrations-funny-puns-irina-blok-part-3,106,25,79
https://www.boredpanda.com/no-neck-funny-animals-photoshop-nonecks,106,32,124
https://www.boredpanda.com/my-heritage-deep-nostalgia-app-revive-old-photos,119,31,55
https://www.boredpanda.com/good-clever-design-ideas,623,105,1577
https://www.boredpanda.com/unexpected-turn-of-events-hold-up,425,58,811
https://www.boredpanda.com/heartwarming-motivational-posts-get-motivated,343,90,818
https://www.boredpanda.com/digital-art-amateur-contest-humorous-advertisements-design-crowd,214,42,298
https://www.boredpanda.com/funny-movie-tv-show-cliches,246,81,524
https://www.boredpanda.com/random-humor-relatable-comics-randomninjakitty,191,122,188
https://www.boredpanda.com/horrible-structural-inspections,133,151,140
https://www.boredpanda.com/analog-photography-international-photography-awards-2020-vera-treit,127,63,122
https://www.boredpanda.com/funny-twisted-comics-sappydayz,98,112,158
https://www.boredpanda.com/catfish-makeup-transformations-tiktok,57,40,109
https://www.boredpanda.com/wholesome-kids-acts-of-kindness,641,171,1259
https://www.boredpanda.com/adopted-rescued-pets-february,432,66,565
https://www.boredpanda.com/wedding-workers-share-red-flags-divorce,253,39,310
https://www.boredpanda.com/women-called-out-obvious-sexism,436,73,1013
https://www.boredpanda.com/photographer-captures-russias-coldest-region-yakutia-alex-vasilyev,266,97,210
https://www.boredpanda.com/former-inmate-prison-life-stories,263,22,215
https://www.boredpanda.com/people-criticize-expensive-american-healthcare-system,224,72,165
https://www.boredpanda.com/parenting-tweets-of-the-month-february,257,85,323
https://www.boredpanda.com/animals-food-insects-random-objects-art-turned-humans-rinotuna,261,38,171
https://www.boredpanda.com/interesting-science-facts-illustrated-fancy-facts-part3-agatz,186,21,99
https://www.boredpanda.com/confused-words-homophones-bruce-worden,248,35,132
https://www.boredpanda.com/accidental-fires,376,18,238
https://www.boredpanda.com/interesting-findings-boston-home-inspectors,352,150,335
https://www.boredpanda.com/funny-unfortunate-tattoos,242,52,276
https://www.boredpanda.com/silica-gel-packets-pro-tips,280,10,80
https://www.boredpanda.com/hair-transformation-braids-alejandro-lopez,239,49,93
https://www.boredpanda.com/celebrities-reject-money,147,25,145
https://www.boredpanda.com/the-ethnic-origins-of-beauty-women-portraits-natalia-ivanova-lesoriginesdelabeaute,223,110,150
https://www.boredpanda.com/reddit-group-community-snakes-with-hats,317,50,310
https://www.boredpanda.com/interior-design-5-illustrated-top-decluttering-tips-around-the-world-binghamselfstorage-claire-brain,150,5,61
https://www.boredpanda.com/funny-pics-whats-wrong-with-your-dog,387,49,424
https://www.boredpanda.com/actors-got-different-role-in-movie-tv-show,105,58,62
https://www.boredpanda.com/bad-day-accidents,538,168,690
https://www.boredpanda.com/industry-secrets,281,75,381
https://www.boredpanda.com/dude-with-signs-funny-protesting,397,40,447
https://www.boredpanda.com/funny-cringe-people-humblebrags,227,88,430
https://www.boredpanda.com/before-after-movie-couples,146,40,112
https://www.boredpanda.com/relatable-comics-document-lives-pets-robyn-toki-moe,227,29,197
https://www.boredpanda.com/hard-to-swallow-pills-truths,169,103,225
https://www.boredpanda.com/hand-painted-rocks-stone-art-animals-robertorizzoart,195,129,92
https://www.boredpanda.com/worst-roommates-i-live-with-monster,545,92,468
https://www.boredpanda.com/parenting-comics-yehuda-devir,465,32,227
https://www.boredpanda.com/best-toddler-complaints,289,59,433
https://www.boredpanda.com/parent-comics-lunarbaboon,298,92,336
https://www.boredpanda.com/women-share-mansplaining-stories-twitter,254,35,547
https://www.boredpanda.com/country-rural-folk-city-things-never-understand,138,64,182
https://www.boredpanda.com/america-vs-uk-difference,211,10,151
https://www.boredpanda.com/grandkids-celebrities-famous-grandparents,147,59,98
https://www.boredpanda.com/dog-show-engagement-wedding-photo-competition-worlds-best-wedding-photos,207,19,158
https://www.boredpanda.com/funny-lighthearted-comics-stan-korabelnikov-proidemtes,166,81,125
https://www.boredpanda.com/repaint-dolls-realistic-faces-jcrdreamdolls,188,99,147
https://www.boredpanda.com/photoshop-troll-fridman-james,508,18,1173
https://www.boredpanda.com/crazy-car-repair-pics,451,50,783
https://www.boredpanda.com/crazy-scam-messages,303,53,592
https://www.boredpanda.com/weird-interesting-funny-x-ray-pictures,357,156,383
https://www.boredpanda.com/bad-women-anatomy,326,69,497
https://www.boredpanda.com/hilarious-blunder-years-photo,254,117,229
https://www.boredpanda.com/artificial-intelligence-fictional-couples-kids-hidreley,140,24,141
https://www.boredpanda.com/food-art-carvings-sculptures-popular-characters-valeriano-fatica,173,92,83
https://www.boredpanda.com/digital-photo-collages-parallel-worlds-ugurgallen-part-2,152,74,113
https://www.boredpanda.com/hyper-realistic-pencil-paper-drawings-brazilian-artist-rafael-konishi,160,42,83
https://www.boredpanda.com/covid-19-entertainment-husband-sock-monkey-socky,207,65,119
https://www.boredpanda.com/cool-museum-exhibits,683,122,1115
https://www.boredpanda.com/90-rescue-animals-adri-rachelle,482,34,206
https://www.boredpanda.com/interesting-map-data,431,174,430
https://www.boredpanda.com/unexplained-things-people-stories,332,30,751
https://www.boredpanda.com/comics-funny-jokes-off-the-mark-mark-parisi,449,108,392
https://www.boredpanda.com/infamous-movies-plot-holes-that-arent-real,179,32,206
https://www.boredpanda.com/unnecessarily-ableist-thing-teacher-did-thread,266,51,399
https://www.boredpanda.com/paris-monuments-replaced-pop-culture-characters-benoitlapray,157,13,76
https://www.boredpanda.com/incredibly-detailed-and-realistic-cakes-emma-jayne,194,40,87
https://www.boredpanda.com/illustrations-social-health-worker-society-cristina-bernazzani,157,64,112
https://www.boredpanda.com/bad-advertising,573,87,577
https://www.boredpanda.com/wild-farm-animals-rescue-texas-winter-storm,405,19,248
https://www.boredpanda.com/phone-number-contact-name,316,46,377
https://www.boredpanda.com/bad-restaurants-pics,347,48,349
https://www.boredpanda.com/photography-austrian-wildlife-animals-julian-rad-part-2,337,77,192
https://www.boredpanda.com/people-share-today-i-learned-amazing-facts,304,118,364
https://www.boredpanda.com/things-men-like-considered-feminine,244,49,262
https://www.boredpanda.com/astrology-astronomy-art-zodiac-illustration-tatimoons,183,37,138
https://www.boredpanda.com/animals-birds-comics-false-knees,203,30,168
https://www.boredpanda.com/farmily-photography-family-farm-animals-together-bcfarmandfamilyphotography,187,45,154
https://www.boredpanda.com/capitalism-texas-crisis-snowstorm,156,34,325
https://www.boredpanda.com/winter-storm-cold-power-outage-us-state-texas-pic,426,84,683
https://www.boredpanda.com/films-vs-behind-the-scene-pics,379,76,291
https://www.boredpanda.com/ancient-creations-still-existing,360,25,284
https://www.boredpanda.com/missing-dogs-return-home-to-owners,264,68,374
https://www.boredpanda.com/before-after-shelter-dogs-tiktok,289,100,189
https://www.boredpanda.com/snow-in-texas-jokes,159,48,305
https://www.boredpanda.com/infuriating-millennial-stereotypes,128,53,240
https://www.boredpanda.com/waste-aware-animals-environmental-comics-mira-petrova-part-2,172,34,183
https://www.boredpanda.com/baba-lena-erkhova-90-year-old-traveler,194,31,25
https://www.boredpanda.com/sony-national-regional-award-winners-photography,136,52,128
https://www.boredpanda.com/disney-characters-technology-onefairyfail,183,12,115
https://www.boredpanda.com/underwater-photographer-of-the-year-award-2021,137,39,61
https://www.boredpanda.com/forbidden-snacks-things-look-like-food,430,178,429
https://www.boredpanda.com/things-that-look-dirty-bad-design,342,53,317
https://www.boredpanda.com/weird-things-people-saw-commuting,312,85,584
https://www.boredpanda.com/body-positivity-normalize-normal-bodies,290,41,183
https://www.boredpanda.com/unnoticed-signs-of-privilege,167,97,277
https://www.boredpanda.com/home-school-parents-distance-zoom-learning,212,60,251
https://www.boredpanda.com/funny-comics-about-random-stuff-animator-ryan-altounji,233,48,269
https://www.boredpanda.com/weird-vintage-photography-odd-mens-haircuts-fashion-robert-e-jackson,173,26,85
https://www.boredpanda.com/food-emoji-real-life,167,9,113
https://www.boredpanda.com/hey-pandas-post-pictures-of-your-best-thrift-store-finds,140,55,117
https://www.boredpanda.com/funny-pets-stealing-partners,416,133,553
https://www.boredpanda.com/terrible-safety-at-work,320,59,306
https://www.boredpanda.com/odd-cursed-comments,324,64,435
https://www.boredpanda.com/bad-moms-shamed,217,48,339
https://www.boredpanda.com/things-women-wish-they-knew-before-pregnancy,140,75,178
https://www.boredpanda.com/unknown-man-posing-with-hollywood-stars-photos-dan-barry,134,72,55
https://www.boredpanda.com/street-art-tom-bob-nyc,269,148,180
https://www.boredpanda.com/popular-female-characters-changed-then-now-films,149,18,129
https://www.boredpanda.com/movies-actors-de-aging,132,21,99
https://www.boredpanda.com/funny-informative-dachshunds-tweets,127,30,114
https://www.boredpanda.com/hair-before-after-bangs,152,49,194
https://www.boredpanda.com/makeup-transformations-asian-makeup,40,112,44
https://www.boredpanda.com/travelling-pets-support-animals,643,148,895
https://www.boredpanda.com/parents-kids-imaginary-friends-stories,426,70,583
https://www.boredpanda.com/abandoned-things-places,469,89,465
https://www.boredpanda.com/national-roast-day-wendys,444,68,526
https://www.boredpanda.com/pets-condition-owners-do-funny-things,314,43,565
https://www.boredpanda.com/motherhood-comics-its-a-mums-life-heloise-weiner,254,20,330
https://www.boredpanda.com/sketch-vs-final-artwork-twitter-trend,226,101,145
https://www.boredpanda.com/funny-programmer-coding-jokes,240,146,288
https://www.boredpanda.com/chase-dog-down-the-street-game-stories,191,52,253
https://www.boredpanda.com/photography-contest-visual-storytelling-winners-the-independent-photographer,181,10,197
https://www.boredpanda.com/plaid-stallions-kids-posing-with-superheroes-brian-heiler,143,56,102
https://www.boredpanda.com/friends-same-outfit,188,36,122
https://www.boredpanda.com/people-share-growing-up-poor-unwritten-rules,256,78,706
https://www.boredpanda.com/weird-history-twitter,452,111,503
https://www.boredpanda.com/harshest-rejection-stories,324,90,536
https://www.boredpanda.com/employees-hr-screwed-over,164,40,232
https://www.boredpanda.com/funny-vintage-costumes-book-jane-ashers,274,35,181
https://www.boredpanda.com/family-portrait-challenge-facebook,215,55,247
https://www.boredpanda.com/funny-twisted-comics-unexpected-endings-berkeley-mews-ben-zaehringer-part-2,237,57,249
https://www.boredpanda.com/cat-nail-trimming-bags-amazon-reviews,157,23,173
https://www.boredpanda.com/bird-species-silly-names,169,28,99
https://www.boredpanda.com/before-after-photos-ugly-duckling,155,43,214
https://www.boredpanda.com/before-after-women-cutting-hair,176,135,258
https://www.boredpanda.com/mildly-interesting-pics,492,160,645
https://www.boredpanda.com/wholesome-animals-act-like-humans,428,35,596
https://www.boredpanda.com/amazing-things-made-from-wood-diy-woodworking,436,101,570
https://www.boredpanda.com/good-news-this-week-art-amii-james,336,20,242
https://www.boredpanda.com/target-dress-challenge,302,100,657
https://www.boredpanda.com/people-trying-to-sound-smart-fails,208,60,395
https://www.boredpanda.com/funny-comics-ridiculous-situations-puns-cartoonist-nate-fakes,261,80,244
https://www.boredpanda.com/movies-tv-posters-reimagined-disney-characters-alex-pick-apicollodraws,151,50,107
https://www.boredpanda.com/dogs-growing-up,292,243,292
https://www.boredpanda.com/weird-country-traditions,367,17,408
https://www.boredpanda.com/pulitzer-prize-photography-winners,299,30,262
https://www.boredpanda.com/comics-adventures-alligator-best-buddies-buddygatorcomics,264,25,158
https://www.boredpanda.com/comics-daily-life-part-3-art-by-juliet,222,20,149
https://www.boredpanda.com/comics-kristian-nygard-optipesscomic,192,104,267
https://www.boredpanda.com/photography-best-images-photo-awards-winners-2020-tokyo-international-foto-awards,142,70,81
https://www.boredpanda.com/hilarious-awkward-comics-the-pigeon-gazette,171,77,166
https://www.boredpanda.com/hairdressers-share-things-customers-shouldnt-do-during-haircut,90,65,110
https://www.boredpanda.com/birth-photography-image-competition-2021,141,26,72
https://www.boredpanda.com/instagram-beauty-filter-celebrity-pics-edit,-39,78,32
https://www.boredpanda.com/unfortunate-moments,489,79,774
https://www.boredpanda.com/funny-pareidolia-objects,364,141,385
https://www.boredpanda.com/american-tweets-funny-weird-things-british-living,239,26,173
https://www.boredpanda.com/people-power-moves,284,135,532
https://www.boredpanda.com/funny-office-jokes,233,150,282
https://www.boredpanda.com/vets-share-things-about-pets,190,50,353
https://www.boredpanda.com/non-actors-movies-tv-shows,173,37,225
https://www.boredpanda.com/pop-culture-character-families-andryshango,148,63,101
https://www.boredpanda.com/framing-brittney-spears-docummentary-reactions,117,43,54
https://www.boredpanda.com/women-before-after-makeup-lena-motinova,42,79,57
https://www.boredpanda.com/premature-celebration-cringe-people,550,60,654
https://www.boredpanda.com/restaurant-menu-fails,333,113,321
https://www.boredpanda.com/surprisingly-intelligent-pet-stories,285,41,583
https://www.boredpanda.com/cat-comics-everyday-life-iizcat-nick-filippou,296,62,241
https://www.boredpanda.com/things-people-do-restaurants-servers-hate,231,21,277
https://www.boredpanda.com/illustrated-animal-facts-part-3-brian-ahearn-zoodraws-comic,314,15,229
https://www.boredpanda.com/photography-people-posing-streets-behind-the-scenes-halyson,139,40,118
https://www.boredpanda.com/giant-cats-surreal-photo-manipulations-matt-mccarthy,168,70,152
https://www.boredpanda.com/art-recreation-eliza-reinhardt,112,157,110
https://www.boredpanda.com/interesting-comparison-pics,451,124,789
https://www.boredpanda.com/funny-relatable-jokes,503,164,563
https://www.boredpanda.com/entitled-customers-ridiculous-demands,348,144,505
https://www.boredpanda.com/photo-manipulations-forced-perspective-suissas,208,125,152
https://www.boredpanda.com/adventure-movies-real-people,234,12,182
https://www.boredpanda.com/today-i-learned-amazing-facts,288,127,510
https://www.boredpanda.com/misleading-influencers-beauty-filters,175,22,183
https://www.boredpanda.com/black-history-month-extraordinary-people,210,42,139
https://www.boredpanda.com/hyper-realistic-makeup-artist-nicky-illusions,180,57,87
https://www.boredpanda.com/experience-working-tourism-iceland-comics-thetourbunny,174,129,150
https://www.boredpanda.com/funny-relatable-wholesome-comics-bean-ketnipz,148,83,138
https://www.boredpanda.com/celebrity-home-renders-homeadvisor,76,7,36
https://www.boredpanda.com/funny-pics-perfect-moment,633,120,1104
https://www.boredpanda.com/funny-midwestern-tweets,276,154,297
https://www.boredpanda.com/osceola-walmart-parking-pole-fails,208,14,68
https://www.boredpanda.com/funny-cute-comics-dark-endings-ryan-pagelow-bunicomic,283,120,273
https://www.boredpanda.com/women-share-worst-mansplaining-experiences,207,65,236
https://www.boredpanda.com/confidently-incorrect-people,372,83,902
https://www.boredpanda.com/homeless-people-haircut-jason-schneidman,352,38,229
https://www.boredpanda.com/cats-before-after-growing-up,269,125,239
https://www.boredpanda.com/digital-art-drawing-disney-characters-humanimals-alex-pick-apicollodraws,278,20,194
https://www.boredpanda.com/comics-unexpected-endings-part-2-tony-esp,230,37,295
https://www.boredpanda.com/facts-about-disney-movies-factbuffet,229,39,191
https://www.boredpanda.com/intricate-braids-by-self-taught-artist,239,70,94
https://www.boredpanda.com/picky-eater-jokes,204,66,228
https://www.boredpanda.com/comics-illustrations-gemma-correll,126,156,96
https://www.boredpanda.com/wholesome-pictures,523,151,1124
https://www.boredpanda.com/peeping-dogs,371,185,544
https://www.boredpanda.com/company-flat-logo-redesign,277,43,422
https://www.boredpanda.com/best-worst-recruitment-fails,214,28,288
https://www.boredpanda.com/funny-siblings-tweets,292,89,445
https://www.boredpanda.com/funny-relatable-cartoons-covid-life-before-after-irina-blok-part-5,198,25,165
https://www.boredpanda.com/wholesome-dogs-with-kids,600,150,892
https://www.boredpanda.com/buy-it-for-life-reddit-durable-items,498,70,789
https://www.boredpanda.com/different-actors-almost-played-roles-movies,311,65,175
https://www.boredpanda.com/parenting-tweets-of-the-month-january,367,133,532
https://www.boredpanda.com/people-share-red-flags-relationships,271,59,562
https://www.boredpanda.com/customer-service-employees-rude-revenge,205,50,408
https://www.boredpanda.com/hedge-funds-losing-billions-gamestop-stock-people-reactions,230,52,271
https://www.boredpanda.com/worst-car-jimmy-fallon,200,70,231
https://www.boredpanda.com/multiple-roles-in-movies-actors,116,27,105
https://www.boredpanda.com/before-after-makeover-stylist-madi-bekdair-kazakhstan,110,65,151
https://www.boredpanda.com/adopted-rescue-shelter-pets,457,91,553
https://www.boredpanda.com/funny-suspiciously-specific-amazon-reviews,433,89,799
https://www.boredpanda.com/illegally-small-cats-pics,412,79,438
https://www.boredpanda.com/gamestop-stocks-wall-street-jokes,220,59,234
https://www.boredpanda.com/titanic-passengers-real-life-movie-james-cameron,251,19,184
https://www.boredpanda.com/wholesome-comics-part4-pink-reaper,191,20,162
https://www.boredpanda.com/wire-animal-sculptures-connie-adam,184,37,81
https://www.boredpanda.com/dumbest-mansplaining,270,78,418
https://www.boredpanda.com/cursed-hollywood-wax-figures,131,67,107
https://www.boredpanda.com/australia-weird-bizarre-things,577,70,677
https://www.boredpanda.com/funny-people-technology-fails,434,90,434
https://www.boredpanda.com/well-known-food-drinks-discovered-unintentionally,195,38,183
https://www.boredpanda.com/i-am-the-client-not-my-husband,191,82,382
https://www.boredpanda.com/age-difference-parent-vs-child-movies,168,44,174
https://www.boredpanda.com/illustration-kids-unique-original-kids-superheroes-bestkidstuff,199,10,87
https://www.boredpanda.com/characters-cant-believe-are-played-by-same-actor,302,39,277
https://www.boredpanda.com/instagram-vs-reality-pics,327,103,434
https://www.boredpanda.com/couples-therapy-relationship-red-flags,166,36,255
https://www.boredpanda.com/dad-watch-tv-standing-up,230,25,156
https://www.boredpanda.com/crazy-eyes-cat-olive,257,25,97
https://www.boredpanda.com/amazing-nature-animals-photographs-international-photo-awards-ipa-vera-treit,227,40,179
https://www.boredpanda.com/humorous-minimalist-comics-without-dialogue-karloferdon,186,113,152
https://www.boredpanda.com/hey-pandas-share-a-pic-of-your-pet-destroying-something,81,63,60
https://www.boredpanda.com/problematic-designs-typicalrykozhop,424,69,395
https://www.boredpanda.com/unique-pets-extra-toes-ears-polydactyl,398,132,542
https://www.boredpanda.com/necessary-life-skills-everyone-should-have,536,57,414
https://www.boredpanda.com/motivational-illustrations-encouragement-positivity-society-success-pictures,244,83,352
https://www.boredpanda.com/cat-fluffy-melancholic-sad-persian-barnabypersian,212,52,108
https://www.boredpanda.com/son-photoshops-dad-movies-scenes-places-dadvent,180,99,120
https://www.boredpanda.com/biden-trump-white-house-transition-jokes,169,34,369
https://www.boredpanda.com/protests-in-russia-pics-aleksei-navalny,135,27,43
https://www.boredpanda.com/interesting-hard-to-clean-designs,510,74,401
https://www.boredpanda.com/funny-kids-make-no-sense,556,95,691
https://www.boredpanda.com/the-simpsons-predictions,396,20,345
https://www.boredpanda.com/funny-murdered-by-words-comebacks,359,88,877
https://www.boredpanda.com/relatives-look-similar,251,70,233
https://www.boredpanda.com/us-presidents-oval-office-decoration-illustrations-amy-h,212,7,114
https://www.boredpanda.com/digital-art-restoration-historical-figures-ganbrood,199,29,184
https://www.boredpanda.com/hey-pandas-post-a-picture-of-the-strangest-thing-in-your-room,97,91,149
https://www.boredpanda.com/what-is-this-weird-odd-things,552,115,406
https://www.boredpanda.com/funny-cat-memes-jokes,508,109,711
https://www.boredpanda.com/before-after-removing-ads,304,51,189
https://www.boredpanda.com/joe-biden-inauguration-funny-reactions,287,52,545
https://www.boredpanda.com/bernie-sanders-mittens-memes-inauguration,283,68,261
https://www.boredpanda.com/people-glad-happy-to-be-single,135,71,202
https://www.boredpanda.com/real-life-easter-eggs,677,139,970
https://www.boredpanda.com/deceptive-packaging-design,532,144,497
https://www.boredpanda.com/interesting-facts-today-i-learned,300,109,495
https://www.boredpanda.com/dogs-sleeping-funny,329,60,246
https://www.boredpanda.com/amazing-snow-sculptures-japan,272,30,143
https://www.boredpanda.com/funny-puns-illustrations-creativeblok,248,22,125
https://www.boredpanda.com/powerful-photography-marginalized-africa-pieter-hugo,190,115,90
https://www.boredpanda.com/the-art-of-coincidence-photos-photography-project-ishay-lindenberg,185,25,198
https://www.boredpanda.com/donald-trump-last-presidency-day-reactions,169,51,390
https://www.boredpanda.com/digital-art-80s-90s-celebrities-recreated-ai-hidreley,106,20,57
https://www.boredpanda.com/dog-haircut-transformation-before-after-groomer,408,85,492
https://www.boredpanda.com/funny-comics-ridiculous-situations-goat-to-self,290,81,383
https://www.boredpanda.com/funny-cat-notes-warnings,472,34,514
https://www.boredpanda.com/funny-norwegian-idioms-illustrated-and-explained-mats-iversen,175,16,62
https://www.boredpanda.com/powerful-quotes-martin-luther-king-jr,128,69,62
https://www.boredpanda.com/men-women-double-standards,142,105,298
https://www.boredpanda.com/starter-packs-jokes,220,171,378
https://www.boredpanda.com/embarrassing-moments-people-not-realizing-who-they-are-talking,430,75,909
https://www.boredpanda.com/shop-bodega-cats,309,86,228
https://www.boredpanda.com/nicest-celebrity-encounters-p2-reddit,231,45,516
https://www.boredpanda.com/funny-welcome-to-parenthood-tweets,207,50,173
https://www.boredpanda.com/rare-funny-insults,373,118,573
https://www.boredpanda.com/artist-creates-realistic-tattoos-mrtstucklife,226,96,208
https://www.boredpanda.com/america-minimum-wage-15-dollars-boost-people-reactions,183,36,313
https://www.boredpanda.com/superhero-comics-without-dialogue-karloferdon,211,69,204
https://www.boredpanda.com/people-share-historical-domino-effect,122,20,149
https://www.boredpanda.com/hey-pandas-show-us-your-cool-grandparents-great-grandparents,111,82,115
https://www.boredpanda.com/whats-wrong-with-your-cat-posts,681,149,835
https://www.boredpanda.com/ups-driver-dog-photos-pupsofjay-jason-hardesty-part-2,539,92,324
https://www.boredpanda.com/funny-celebrities-recreation-pics-celeste-barber,496,65,420
https://www.boredpanda.com/worst-first-date-stories,380,62,528
https://www.boredpanda.com/zoom-teaching-students-questions,269,35,573
https://www.boredpanda.com/wildlife-photographer-of-the-year-2020-peoples-choice,290,25,297
https://www.boredpanda.com/funny-super-combo-deluxe-comics,178,45,167
https://www.boredpanda.com/nonstandard-mcdonalds-architectural-design,140,35,154
https://www.boredpanda.com/monkey-tail-beard-fashion-trend,62,37,54
https://www.boredpanda.com/funny-bad-design-fails,557,141,654
https://www.boredpanda.com/zillow-gone-wild-real-estate-company-findings,346,60,293
https://www.boredpanda.com/red-flags-in-job-interviews,185,45,215
https://www.boredpanda.com/acts-of-good-by-satanists-around-the-world,355,10,191
https://www.boredpanda.com/childhood-comics-adventures-struggles-crabgrass,300,97,252
https://www.boredpanda.com/security-national-guard-capitol-impeachment-insurrection,156,15,62
https://www.boredpanda.com/people-pronounced-dead-resuscitated-askreddit,122,49,151
https://www.boredpanda.com/funny-quarantine-family-pic,139,57,80
https://www.boredpanda.com/toonme-celebrities,126,60,100
https://www.boredpanda.com/post-soviet-cities-digital-reconstruction-flourishing-andrey-goopsa,95,21,41
https://www.boredpanda.com/instant-karma-pics,622,52,1434
https://www.boredpanda.com/genius-solutions,608,172,1054
https://www.boredpanda.com/things-donald-trump-did-while-in-office,451,37,439
https://www.boredpanda.com/different-color-things,440,160,545
https://www.boredpanda.com/interesting-meeting-stories-love-twitter,226,44,362
https://www.boredpanda.com/satan-devil-social-media,264,166,375
https://www.boredpanda.com/modern-society-issues-illustrated-alireza-pakdel,147,60,152
https://www.boredpanda.com/creative-moving-tattoo-designs,181,38,167
https://www.boredpanda.com/make-up-transformations-oxana-trunova,114,56,129
https://www.boredpanda.com/humans-are-metal,536,130,880
https://www.boredpanda.com/funny-smart-billboards,332,89,353
https://www.boredpanda.com/funny-dogs-great-danes,346,106,396
https://www.boredpanda.com/europeans-reveal-weirdest-things-visiting-america,236,79,313
https://www.boredpanda.com/digital-art-ai-recreations-paintings-historical-figures-nathan-shipley-part-2,200,11,84
https://www.boredpanda.com/how-people-spend-100-dollars-at-grocery-store,152,24,108
https://www.boredpanda.com/solar-system-space-comics-illustrations-handsoffmydinosaur,172,29,151
https://www.boredpanda.com/funny-fails-people-had-one-job,530,77,683
https://www.boredpanda.com/heart-warming-wholesome-cats,492,157,912
https://www.boredpanda.com/biggest-snowfall-50-years-spain,258,33,344
https://www.boredpanda.com/funny-comics-afterlife-death-andthe-maiden,232,76,192
https://www.boredpanda.com/dad-girl-sewing-outfits-daddy-dressed-me,342,58,189
https://www.boredpanda.com/dogs-pretty-eyes-challenge-facebook,169,43,132
https://www.boredpanda.com/artist-cat-comics-xibang,180,57,120
https://www.boredpanda.com/delicate-tattoo-artist-sion-kwak-korea,180,50,90
https://www.boredpanda.com/bad-famous-people-portraits-tw1tterpicasso,80,87,87
https://www.boredpanda.com/celebrity-style-recreations-katie-sturino,56,29,67
https://www.boredpanda.com/digital-art-englands-lost-historic-mansions-country-houses-then-now-household-quotes,253,7,62
https://www.boredpanda.com/2021-funny-jokes,592,65,866
https://www.boredpanda.com/popular-meme-stars-now-then,442,22,320
https://www.boredpanda.com/dirty-car-art-nikita-golubev,430,36,381
https://www.boredpanda.com/people-who-believe-satire-fake-news-fails,290,94,284
https://www.boredpanda.com/best-funny-marriage-tweets-of-2020,450,150,551
https://www.boredpanda.com/cute-wool-sculptures-hanna-dovhan-and-olga-dovhan,281,70,156
https://www.boredpanda.com/snails-in-bokeh-katarzyna-zaluzna,181,68,79
https://www.boredpanda.com/people-dont-take-coronavirus-pandemic-seriously,271,111,749
https://www.boredpanda.com/photography-sunset-silhouettes-india-krutik-thakur,129,27,61
https://www.boredpanda.com/mixed-celebrities-faces-morphy-me,116,59,136
https://www.boredpanda.com/cool-parents-old-vintage-photos,492,120,634
https://www.boredpanda.com/people-idiotic-just-for-social-media,356,60,346
https://www.boredpanda.com/shoulder-cats-pets,425,176,499
https://www.boredpanda.com/trump-supporters-storming-capitol-reactions,304,74,908
https://www.boredpanda.com/sleep-talking-stories-hilarious-twitter,309,85,390
https://www.boredpanda.com/side-front-bird-photography-funny-ruurdjellevanderleij,252,36,179
https://www.boredpanda.com/dog-travel-photos-anne-geier-fotografie,203,69,96
https://www.boredpanda.com/the-worst-legal-thing-askreddit,147,50,319
https://www.boredpanda.com/70-year-old-leica-photos-william-fagan,165,21,41
https://www.boredpanda.com/home-interior-design-fails,493,143,454
https://www.boredpanda.com/why-you-should-have-cat,488,164,441
https://www.boredpanda.com/hilarious-dad-jokes-tweets,228,123,236
https://www.boredpanda.com/dog-pet-model-challenge-facebook,159,57,179
https://www.boredpanda.com/argentinian-artist-dark-illustrations-modern-society-critique-al-margen-part-2,174,38,93
https://www.boredpanda.com/life-with-pug-mochi-comic-gemma-gene-157ofgemma,235,150,162
https://www.boredpanda.com/hey-pandas-post-the-derpiest-photo-of-your-pet-that-you-have,80,173,78
https://www.boredpanda.com/funny-worst-hotel-fails,426,89,459
https://www.boredpanda.com/entitled-people,369,74,959
https://www.boredpanda.com/today-i-learned-facts,261,111,319
https://www.boredpanda.com/hidden-dress-codes-people-wear-askreddit,152,49,474
https://www.boredpanda.com/the-real-joke-in-comments,285,129,463
https://www.boredpanda.com/dressing-up-gowns-garbage-can-nicola-matthews,137,13,70
https://www.boredpanda.com/nasa-before-after-pics-images-of-change-climate,130,20,38
https://www.boredpanda.com/cringey-people,330,80,517
https://www.boredpanda.com/twitter-interesting-facts-countries-around-the-world-factbuffet,335,77,401
https://www.boredpanda.com/foreigners-share-scams-americans-think-normal,133,39,279
https://www.boredpanda.com/women-noses-look-like-before-photos,147,41,113
https://www.boredpanda.com/covid-19-pandemic-comics-bleeding-ink-stimson-snead,123,33,162
https://www.boredpanda.com/hey-pandas-show-your-hidden-talents,52,49,124
https://www.boredpanda.com/cold-in-russia-winter,470,74,416
https://www.boredpanda.com/nearly-impossible-odds,634,75,1128
https://www.boredpanda.com/everyday-things-not-using-right-tips-and-tricks-life-hacks,514,41,425
https://www.boredpanda.com/weird-wtf-stock-photos,301,93,236
https://www.boredpanda.com/photography-children-portraits-around-the-world-massimo-bietti,338,100,332
https://www.boredpanda.com/lions-dont-wear-mask-politician-david-kurten,284,42,333
https://www.boredpanda.com/illustrations-funny-puns-irina-blok,255,30,157
https://www.boredpanda.com/comics-relationships-couple-everyday-life-relatable-barmy-chip-witch-comics,169,40,158
https://www.boredpanda.com/photo-i-take-vs-photos-boyfriend,185,80,171
https://www.boredpanda.com/wholesome-christmas-acts-gifts,392,169,830
https://www.boredpanda.com/interesting-thrift-store-second-hand-finds,481,152,711
https://www.boredpanda.com/funny-daughters-dads-makeup,307,98,272
https://www.boredpanda.com/the-lord-of-the-rings-characters-as-dogs-coppertopmpls,241,18,172
https://www.boredpanda.com/crappy-off-brands,235,149,224
https://www.boredpanda.com/funny-parenting-comics-heartily,124,85,74
https://www.boredpanda.com/christmas-bad-day-fails,404,88,616
https://www.boredpanda.com/baby-copies-uncle-model-poses-babyandthebody,328,73,186
https://www.boredpanda.com/funny-parenting-tweets-december,269,90,435
https://www.boredpanda.com/womens-haircuts-before-after-comparison-kristina-katsabina,242,63,255
https://www.boredpanda.com/moment-people-realized-their-workplace-was-problematic-toxic,178,35,256
https://www.boredpanda.com/funny-relatable-comics-mom-life-inna-sacali,186,57,126
https://www.boredpanda.com/wives-knew-they-wanted-to-marry-their-husband,165,94,287
https://www.boredpanda.com/2010-vs-2020-then-and-now,130,78,235
https://www.boredpanda.com/funny-christmas-people,340,133,443
https://www.boredpanda.com/dogs-ruined-christmas-photos,352,39,515
https://www.boredpanda.com/essential-workers-appreciation-posts-on-the-internet,297,34,333
https://www.boredpanda.com/funny-trolling-christmas-gifts,280,105,361
https://www.boredpanda.com/men-with-long-hair,261,144,358
https://www.boredpanda.com/not-having-kids-childfree-tweets,258,83,540
https://www.boredpanda.com/old-vintage-christmas-gifts-photos,152,50,99
https://www.boredpanda.com/ceramic-mugs-animal-sculptures-side-ap-curiosities,206,31,98
https://www.boredpanda.com/embarrassing-stuff-loser-significant-others,133,30,110
https://www.boredpanda.com/cute-rescue-adopted-pets-december,330,90,441
https://www.boredpanda.com/cursed-response-comments,362,63,737
https://www.boredpanda.com/before-after-design-makeovers,246,59,186
https://www.boredpanda.com/funny-crappy-wildlife-photos,579,147,609
https://www.boredpanda.com/social-mental-issues-comics-haley-weaver,263,60,284
https://www.boredpanda.com/twitter-account-cats-appear-movies-catinthemovie,189,73,117
https://www.boredpanda.com/most-wholesome-secret-askreddit,143,70,367
https://www.boredpanda.com/pets-collecting-delivery-items,145,29,85
https://www.boredpanda.com/uplifting-stories-good-news,577,106,1177
https://www.boredpanda.com/mildly-interesting,462,110,495
https://www.boredpanda.com/oddly-satisfying-photos-snow-perfection,436,152,575
https://www.boredpanda.com/movie-details-easter-eggs,369,121,305
https://www.boredpanda.com/funny-comics-shanghai-tango-part-six,196,88,161
https://www.boredpanda.com/funny-scottish-tweets,317,149,464
https://www.boredpanda.com/funny-american-flag-fails,173,48,269
https://www.boredpanda.com/daily-lives-of-superheroes-comics-lucas-nascimento-dragonarte,155,60,116
https://www.boredpanda.com/moments-things-that-ruin-movies,151,92,527
https://www.boredpanda.com/interesting-finds,509,168,686
https://www.boredpanda.com/didnt-know-i-wanted-that,481,107,459
https://www.boredpanda.com/best-parenting-tweets-2020,259,50,325
https://www.boredpanda.com/creative-christmas-decoration-ideas,256,138,448
https://www.boredpanda.com/funny-festive-illustrations-for-my-virtual-christmas-advent-calendar-steve-nelson,190,21,140
https://www.boredpanda.com/funny-relatable-cartoons-covid-life-before-after-irina-blok-part-4,213,15,177
https://www.boredpanda.com/australian-christmas-tweets,196,41,231
https://www.boredpanda.com/nostalgic-old-pictures,457,86,448
https://www.boredpanda.com/funny-jokes-memes-wooosh,324,115,369
https://www.boredpanda.com/pet-favourite-toys,319,119,338
https://www.boredpanda.com/nosey-neighbors-pets-photos,266,50,178
https://www.boredpanda.com/summing-up-2020-twitter-tweets,323,10,256
https://www.boredpanda.com/wildlife-photography-lions-simon-needham,245,63,114
https://www.boredpanda.com/cloud-sky-silhouette-art-lan-nguyen,169,21,86
https://www.boredpanda.com/funny-signs,575,148,769
https://www.boredpanda.com/funny-interesting-thrift-store-finds,389,178,468
https://www.boredpanda.com/funny-christmas-tweets,280,89,444
https://www.boredpanda.com/sculptures-reclaimed-materials-brian-mock,315,79,127
https://www.boredpanda.com/dresses-sarah-hambly,279,57,155
https://www.boredpanda.com/total-drama-island-reimagines-art-qcn-cellardoor,229,20,129
https://www.boredpanda.com/beauty-transformation-ugly-duckling,124,57,146
https://www.boredpanda.com/absolute-units,561,113,612
https://www.boredpanda.com/snow-2020-binghamton-new-york-state,267,90,170
https://www.boredpanda.com/secrets-unveileid-with-genealogy-websites,380,10,453
https://www.boredpanda.com/weather-news-russia-kirill-bakanov-twitter,320,50,278
https://www.boredpanda.com/misunderstood-logos,334,29,323
https://www.boredpanda.com/weird-food-service-orders-requests,215,111,198
https://www.boredpanda.com/top-wedding-photos-2020-junebugweddings,222,50,203
https://www.boredpanda.com/dad-drawings-funny-cartoons-on-lunch-bags-new-sandwichbagdad,194,80,132
https://www.boredpanda.com/tiny-world-everyday-photography-tiny-wasteland-peter-csakvari,236,20,114
https://www.boredpanda.com/stimulus-check-usa-pandemic-memes,187,59,164
https://www.boredpanda.com/unfortunate-things-might-happen-pregnancy,242,30,219
https://www.boredpanda.com/hey-pandas-draw-a-dog-with-your-non-dominant-hand-and-post-the-result,84,53,86
https://www.boredpanda.com/weird-interesting-hobbies,399,47,543
https://www.boredpanda.com/they-did-the-math-interesting-calculations,224,52,402
https://www.boredpanda.com/cute-cats-sleeping,336,184,426
https://www.boredpanda.com/hanukkah-tweets,171,30,146
https://www.boredpanda.com/the-queens-gambit-miniseries-netflix-details-missed,160,19,79
https://www.boredpanda.com/adorable-furry-cats-floofs,241,121,227
https://www.boredpanda.com/everyday-life-comics-lifeofjolie-comic,124,80,134
https://www.boredpanda.com/best-northern-lights-photos-winners-capturetheatlas,196,25,80
https://www.boredpanda.com/nature-photography-contest-npoty-2020,152,68,88
https://www.boredpanda.com/the-2020-budapest-international-foto-awards-vera-treit,139,56,125
https://www.boredpanda.com/unexpected-texts,356,97,533
https://www.boredpanda.com/heartbreaking-images-covid19-medical-front-lines-go-nakamura,306,10,240
https://www.boredpanda.com/awkward-family-christmas-photos,252,61,388
https://www.boredpanda.com/hilarious-dog-thoughts-tweets,246,97,295
https://www.boredpanda.com/useless-facts-making-feel-old,134,35,105
https://www.boredpanda.com/trucks-try-fit-under-bridges-fails,198,66,163
https://www.boredpanda.com/best-room-designs,314,93,329
https://www.boredpanda.com/very-finnish-problems-instagram-memes,323,50,277
https://www.boredpanda.com/positive-news-2020-illustrations-mauro-gatti,260,101,295
https://www.boredpanda.com/shedding-dog-challenge-facebook,186,24,157
https://www.boredpanda.com/dogs-look-alike-challenge,212,91,167
https://www.boredpanda.com/home-alone-movie-details,150,58,111
https://www.boredpanda.com/comics-needle-wig,149,46,139
https://www.boredpanda.com/face-reconstruction-famous-people-from-antiquity,138,24,53
https://www.boredpanda.com/funny-clueless-kids-moments,328,204,736
https://www.boredpanda.com/before-after-weight-loss-stories,172,60,250
https://www.boredpanda.com/ive-been-taking-photos-of-my-kids-with-their-brother-bear-for-years,233,50,75
https://www.boredpanda.com/american-schools-weird-things-non-americans,195,32,192
https://www.boredpanda.com/my-parents-age-vs-me,141,52,175
https://www.boredpanda.com/chef-memes,181,30,172
https://www.boredpanda.com/reality-of-being-a-woman,119,60,206
https://www.boredpanda.com/wholesome-christmas-gifts,473,89,1182
https://www.boredpanda.com/misleading-thumbnails,438,71,387
https://www.boredpanda.com/funny-classical-art-memes,415,137,383
https://www.boredpanda.com/animals-adopted-shelter-mean-looking-cat-giggles-the-angry-cat,240,28,86
https://www.boredpanda.com/interesting-science-facts-illustrated-fancy-facts-part2-agatz,246,26,229
https://www.boredpanda.com/black-and-white-celebrity-photos-colorized-machine-learning-deepai-hidreley,172,30,72
https://www.boredpanda.com/scariest-creepiest-theories-ask-reddit,126,55,208
https://www.boredpanda.com/people-share-loopholes-they-exploited,94,88,246
https://www.boredpanda.com/giant-dog-breeds,560,152,628
https://www.boredpanda.com/awful-taste-but-great-execution,363,139,733
https://www.boredpanda.com/instagram-vs-reality-fake-real-images,266,82,265
https://www.boredpanda.com/funny-christmas-themed-comics-garth-german,165,19,177
https://www.boredpanda.com/students-share-loans,98,58,76
https://www.boredpanda.com/wholesome-uplifting-stories-pics,358,205,1221
https://www.boredpanda.com/whats-wrong-with-your-dog,426,47,486
https://www.boredpanda.com/stray-cats-japanese-photographer-okirakuoki,330,93,222
https://www.boredpanda.com/twitter-best-tweets,313,132,398
https://www.boredpanda.com/hidden-dog-challenge,243,68,263
https://www.boredpanda.com/worst-job-emails,150,50,150
https://www.boredpanda.com/apple-airpods-max-expensive-memes-reactions,155,50,188
https://www.boredpanda.com/adorable-grandpawrents-challenge,145,50,135
https://www.boredpanda.com/relatable-comics-amy-revives,203,111,132
https://www.boredpanda.com/how-people-got-scammed-reddit-stories,116,24,135
https://www.boredpanda.com/hey-pandas-what-is-the-weirdest-coincidence-to-ever-happen-to-you,39,100,73
https://www.boredpanda.com/hey-pandas-share-your-christmas-tree-with-us,87,86,55
https://www.boredpanda.com/perfect-fit-photos,416,145,612
https://www.boredpanda.com/clever-comebacks,412,89,1178
https://www.boredpanda.com/photojournalist-helps-working-children-get-education-bangladesh-gmb-akash,282,19,106
https://www.boredpanda.com/dog-husky-honam-stunning-hong-kong,203,60,87
https://www.boredpanda.com/relatable-everyday-life-comics-erica-cheah,181,60,189
https://www.boredpanda.com/fictional-characters-supermarket-illustration-part2-linda-bouderbala,118,29,82
https://www.boredpanda.com/me-vs-parents-memes,97,38,175
https://www.boredpanda.com/themed-tv-dinners-based-christmas-movies-gerardbelevender,111,6,66
https://www.boredpanda.com/hey-pandas-in-such-a-crazy-world-what-brings-you-peace,37,146,83
https://www.boredpanda.com/not-my-job-fails,403,136,411
https://www.boredpanda.com/weird-food-serving-we-want-plates,285,106,223
https://www.boredpanda.com/dogs-before-after-adoption-photo,265,100,194
https://www.boredpanda.com/childhood-assumptions-luxury-things-askreddit,153,50,378
https://www.boredpanda.com/photographer-captures-russia-sergei-koleso,159,106,130
https://www.boredpanda.com/silly-norwegian-to-english-translations-mats-iversen,209,57,120
https://www.boredpanda.com/mecharliehankin-comics,197,159,171
https://www.boredpanda.com/art-references-in-movies,144,46,104
https://www.boredpanda.com/misunderstood-monster-alan-nobody-likes-comics-robodinosaur,153,10,162
https://www.boredpanda.com/comics-adventures-alligator-buddies-buddygatorcomics,269,23,207
https://www.boredpanda.com/people-aged-backwards,63,23,78
https://www.boredpanda.com/people-find-stranger-cats-at-house,529,160,832
https://www.boredpanda.com/2020-in-one-word-twitter-ask-responses,352,30,432
https://www.boredpanda.com/trashy-tips-from-customers,263,93,341
https://www.boredpanda.com/old-people-using-technology,322,89,460
https://www.boredpanda.com/portrait-photography-of-native-americans-craig-varjabedian,383,16,176
https://www.boredpanda.com/funny-kids-describe-parents-jobs,277,27,294
https://www.boredpanda.com/one-dress-different-styles-oyinda-akinfenwa,274,15,93
https://www.boredpanda.com/popular-sayings-that-are-not-true,131,45,302
https://www.boredpanda.com/funny-comics-modern-day-office-work-chronicles,237,46,314
https://www.boredpanda.com/photography-full-moon-zoom-lens-camera-trick-zach-cooley,151,47,58
https://www.boredpanda.com/tech-support-pics,417,80,411
https://www.boredpanda.com/kids-school-photo-fails,295,52,377
https://www.boredpanda.com/bad-makeup-artists-shaming,270,117,1031
https://www.boredpanda.com/life-of-katya-ekaterina-bogdanova-comics,171,44,153
https://www.boredpanda.com/mysterious-monolith-california-mountain-memes,120,30,109
https://www.boredpanda.com/funny-boyfriend-husband-pranks,369,126,576
https://www.boredpanda.com/unapealing-food-pics,289,83,306
https://www.boredpanda.com/ratatouille-hidden-details-pixar,239,36,149
https://www.boredpanda.com/outdoor-restaurant-fails-pandemic,114,37,154
https://www.boredpanda.com/smiling-dog-challenge,221,54,201
https://www.boredpanda.com/photogenic-supermodel-cats,354,136,374
https://www.boredpanda.com/street-photography-edas-wong,298,35,269
https://www.boredpanda.com/amazing-snowfall-russia-pics,277,45,135
https://www.boredpanda.com/lifestyle-pandemic-comics-covid-life-part3-irina-blok,245,19,178
https://www.boredpanda.com/before-after-cats-adoption,231,111,216
https://www.boredpanda.com/early-internet-weirdest-things-askreddit,90,40,181
https://www.boredpanda.com/animals-photoshopped-cats-koty-vezde-galina-bugaevskaya,165,189,161
https://www.boredpanda.com/photos-dogs-standing-on-mushrooms,166,26,142
https://www.boredpanda.com/hedgehog-cake-fails,133,72,80
https://www.boredpanda.com/home-renovation-shows-former-participants-update-askreddit,58,27,62
https://www.boredpanda.com/creepy-pop-culture-character-remakes-wil-hughes,112,19,92
https://www.boredpanda.com/amazing-rare-historical-photos,551,118,831
https://www.boredpanda.com/guilty-dog-challenge,297,70,273
https://www.boredpanda.com/worst-haircut-fails,302,81,578
https://www.boredpanda.com/funny-dog-memes-jokes,340,131,411
https://www.boredpanda.com/woman-dresses-19th-century-fashion-vintage-clothes-mila-povoroznyuk-your-sunny-flowers,272,70,197
https://www.boredpanda.com/3d-artist-recreates-historical-artists-past-centuries-hadi-karimi,170,16,86
https://www.boredpanda.com/funny-cat-comics-weflaps-cody-stone-stowe,233,90,181
https://www.boredpanda.com/pun-animals-piper-thibodeau,144,97,66
https://www.boredpanda.com/celebrity-ex-couples-kids-ai-edits-hidreley,88,20,86
https://www.boredpanda.com/photography-gingers-redheads-portraits-kieran-dodds,364,15,265
https://www.boredpanda.com/cute-rescue-adopted-pets-november,462,76,598
https://www.boredpanda.com/there-was-attempt,559,150,1368
https://www.boredpanda.com/mispronounce-words-malapropisms,330,90,417
https://www.boredpanda.com/hilarious-parenting-tweets-november,277,81,450
https://www.boredpanda.com/did-it-for-my-dog-challenge-fb,282,31,240
https://www.boredpanda.com/cringy-text-messages-creepy-asterisks,166,31,342
https://www.boredpanda.com/famous-paintings-recreations-sandwiches,109,25,77
https://www.boredpanda.com/official-disney-princess-club-comics,146,105,147
https://www.boredpanda.com/funny-accidents-bad-day,510,50,573
https://www.boredpanda.com/funny-diy-why,364,132,414
https://www.boredpanda.com/thanksgiving-memes-jokes,192,70,271
https://www.boredpanda.com/awkward-girl-comics-eirinnske-comics,224,51,206
https://www.boredpanda.com/ugly-bootlegs,166,108,124
https://www.boredpanda.com/creative-eye-makeup-art-tal-peleg,227,89,147
https://www.boredpanda.com/biggest-culture-shock,160,66,280
https://www.boredpanda.com/done-helping-others-moment-askreddit,113,50,367
https://www.boredpanda.com/funny-british-shop-puns,358,42,342
https://www.boredpanda.com/disney-pixar-movies-different-countries,282,16,250
https://www.boredpanda.com/neighbours-nextdoor-tweets,305,92,486
https://www.boredpanda.com/tall-people-struggle-problems,265,107,254
https://www.boredpanda.com/thrift-store-art-gallery-instagram,306,53,244
https://www.boredpanda.com/cartoon-characters-real-life-ditoartist,194,38,148
https://www.boredpanda.com/what-people-do-for-a-living-tiktok-aaron-vankampen,197,23,99
https://www.boredpanda.com/cool-childhood-photo-tiktok,183,24,174
https://www.boredpanda.com/architecture-design-master-prize-2020-winners-announced-aurely-bonnet,160,66,88
https://www.boredpanda.com/funny-dark-humor-comics-dogmodog,167,41,176
https://www.boredpanda.com/buildings-not-fooling-anyone,134,55,242
https://www.boredpanda.com/significant-other-unattractive-traits,101,49,225
https://www.boredpanda.com/dark-comics-unexpected-twists-spaceboycantlol,132,99,199
https://www.boredpanda.com/passive-aggressive-exchanges,133,71,273
https://www.boredpanda.com/sassy-things-child-free-people-say,81,74,194
https://www.boredpanda.com/tourist-culture-shocks-america,49,98,110https://www.boredpanda.com/funny-cats-with-jobs-pics,260,38,313
